ABCF3_2,PSME3,1,0.739849673,0.959947109,0.969171524
ABCF3_2,THAP1,1,0.857738429,0.986353695,0.911148369
ABCF3_2,RBPMS,1,0.898693487,0.95831722,0.811619282
ABCF3_2,MDFI,1,0.938632479,0.998267651,0.997860014
ABCF3_2,ACTN1,0,0.119452151,0.156875834,0.164039299
ABCF3_2,A2BP1,0,0.48,0.002508666,0.138937607
ABCF3_2,ABLIM2,0,0.120506884,0.079127625,0.000210662
ACBD4_2,MEOX2,1,0.910930397,0.473348916,0.901227534
ACBD4_2,REL,0,0.4075,0.174409047,0.166714564
ACBD4_4,MEOX1,1,0.890263975,0.549311519,0.789044678
ACBD4_4,CRX,1,0.838490566,0.50746578,0.768241525
ACBD4_4,REL,1,0.9125,0.36716482,0.989151597
ACBD4_4,MEOX2,0,0.975930397,0.389838248,0.620635152
ACBD4_4,EMILIN1,0,0.040714286,0.000792502,0.000320571
ACBD4_4,ELK3,0,0.570913293,0.005611678,0.387274235
ACTN4_1,MYOZ2,1,0.8,0.016758731,0.999957561
ACTN4_1,TRIM23,0,0.18,0.030572511,6.04E-06
ACTN4_4,TRIM23,1,0.82,0.996919394,0.999678493
ACTN4_4,MYOZ2,0,0.12,9.83E-07,1.90E-05
AKAP10_3,PRKAR2B,1,0.463030303,0.987321258,0.955841005
AKAP10_3,IKZF3,1,0.739186425,0.785507023,0.893027008
AKAP10_3,AGTRAP,0,0.245927052,0.000130615,0.012397883
AKAP10_3,AES,0,0.63894026,0.064164892,0.012573524
AKAP10_5,IKZF3,0,0.254814578,0.011005492,0.006821609
AKT1_1,TCL1A,1,0.76,0.781924963,0.994125843
AKT1_1,MTUS2,0,0.260708075,0.27829212,0.723180234
AKT1_2,MTUS2,1,0.796835165,0.991538823,0.979478121
AKT1_2,MEOX2,0,0.275775336,0.15586412,0.045938928
AMMECR1_1,MEOX2,1,0.837040262,0.904339194,0.871698618
AMMECR1_1,ADAMTSL4,1,0.729925599,0.871404648,0.940352082
AMMECR1_1,BAD,0,0.261464833,0.000105211,4.28E-05
AMMECR1_1,COG8,0,0.289564261,0.013861556,0.009527218
AMMECR1_2,EFEMP2,1,0.268030303,0.953800023,0.998810768
AMMECR1_2,KRTAP10-1,1,0.42,0.999971151,0.999065697
AMMECR1_2,KRTAP2-4,0,0.181818182,0.013632988,0.000384844
AMMECR1_2,KRTAP13-1,0,0.040645161,0.000116507,0.021300236
AMMECR1_2,KRTAP12-2,0,0.160645161,0.023051379,1.18E-07
AMMECR1_2,MEOX2,0,0.238490566,0.368485898,0.405694723
ANKRD50_1,PEX5,0,0.244495136,0.005439788,0.008334966
ANKRD50_2,PEX5,1,0.73927764,0.947420418,0.993873954
AXIN1_2,TRAF2,1,0.904,0.614992201,0.356650531
AXIN1_2,JUP,1,0.7,0.989142179,0.967287779
AXIN1_2,TRIM15,1,0.748,0.992149472,0.647463381
AXIN1_2,MEOX2,1,0.93777041,0.927431047,0.934212208
AXIN1_2,LHX4,1,0.708364026,0.796590567,0.614489377
AXIN1_2,C15orf55,1,0.857065217,0.963318765,0.96302551
AXIN1_2,MTUS2,1,0.810231884,0.994772971,0.972140253
AXIN1_2,MID2,1,0.326666667,0.999041498,0.67220813
AXIN1_2,SUMO1P1,1,0.64,0.980109215,0.917475998
AXIN1_2,KRTAP4-12,1,0.879137931,1,0.998062193
AXIN1_2,ZFYVE19,1,0.602666667,0.457409114,0.152812928
AXIN1_2,KRT40,1,0.89777041,0.997361124,0.959753215
AXIN1_2,STX11,1,0.383030303,0.984116733,0.979208171
AXIN1_2,RNF111,1,0.87777041,0.991210461,0.926134527
AXIN1_2,KRTAP10-3,1,0.979137931,0.999951124,0.999937296
AXIN1_2,SCYL1,1,0.790714286,0.960845411,0.855454326
AXIN1_2,MDFI,1,0.798632479,0.998703599,0.966007948
AXIN1_2,DES,0,0.15777041,0.011843429,0.706493676
AXIN1_2,FHL5,0,0.12,0.478456974,0.002364987
AXIN1_2,AES,0,0.62,0.004981071,0.408902466
AXIN1_2,A2BP1,0,0.18,7.81E-06,0.050706789
AXIN1_2,PNMA1,0,0.225,0.11628738,0.063738108
AXIN1_2,DHX15,0,0.003849975,0.000851793,0.04712544
AXIN1_2,BEND5,0,0.14,0.109597892,0.027166763
AXIN1_2,AHCYL1,0,0.16,0.000263122,0.021874344
AXIN1_2,BCL2L13,0,0.506666667,0.018378837,0.007565754
AXIN1_2,FOXM1,0,0.578926596,0.001732963,0.066362478
AXIN1_2,FASLG,0,0.100714286,0.001054213,8.95E-07
AXIN1_2,PSME3,0,0.443324421,0.091573074,0.298544914
AXIN1_2,FAM9B,0,0.123593718,0.004106919,0.001130698
AXIN1_2,HSFY1,0,0.180530303,0.04109735,0.034509595
AXIN1_2,ADAMTSL4,0,0.19122812,0.043875266,0.003396488
AXIN1_2,PDE9A,0,0.084,0.000121392,0.10606987
AXIN1_2,AGTRAP,0,0.080212766,2.75E-05,2.11E-12
AXIN1_2,OGT,0,0.083849975,0.002156988,4.30E-06
AXIN1_2,APBB1IP,0,0.121956899,0.005165035,0.038984619
AXIN1_2,BLZF1,0,0.104251472,0.01255496,0.019482987
AXIN1_2,HGS,0,0.042112299,0.000161867,0.011611713
AXIN1_2,ETV6,0,0.023537187,0.324444264,0.063619711
AXIN1_2,ABI2,0,0.43969697,9.08E-05,0.044265017
AXIN1_2,DPPA4,0,0.182532468,0.002895251,0.009571131
AXIN1_2,AMOTL2,0,0.212077922,0.176508203,0.099284537
AXIN1_2,FHL3,0,0.54,0.253454864,0.004664755
AXIN1_2,DLX3,0,0.241008403,0.001849016,0.048475623
AXIN1_2,BEND7,0,0.215126186,0.010018762,0.034419514
AXIN1_2,ASL,0,0.163030303,0.015225082,0.004988368
AXIN1_2,PLK4,0,0.100294118,0.004838553,0.041380644
AXIN1_2,P4HA3,0,0.103030303,0.029579874,0.008259891
AXIN1_2,PNMA2,0,0.12,0.057016794,0.200057194
AXIN1_2,POGZ,0,0.215705373,0.001876083,0.056609895
AXIN1_2,FATE1,0,0.193243069,0.00063344,0.003192806
AXIN1_2,PLSCR1,0,0.080819672,0.000244714,0.00432915
AXIN1_2,SDCCAG3,0,0.398778813,0.272205353,0.425915211
AXIN1_2,DDX39A,0,0.060819672,0.003947377,0.050665729
AXIN1_2,NBR1,0,0.308091353,0.187371239,0.166401833
AXIN1_2,BANP,0,0.287754251,0.003987285,0.180952132
AXIN1_2,PRDM14,0,0.061818182,0.000916009,0.001544981
AXIN1_2,IKZF3,0,0.125008403,0.03659961,0.087279879
AXIN1_2,IKZF1,0,0.108038706,0.132401153,0.163112536
AXIN1_3,RNF111,1,0.89567274,0.995142817,0.949320734
AXIN1_3,STX11,1,0.75,0.978026211,0.980422437
AXIN1_3,LHX8,1,0.859565217,0.988045037,0.640001893
AXIN1_3,MID2,1,0.724502394,0.999046504,0.726154029
AXIN1_3,TSGA10,1,0.814276127,0.999579012,0.935235381
AXIN1_3,SDCCAG3,1,0.655954553,0.52816844,0.423661083
AXIN1_3,KRTAP4-12,1,0.939137931,1,0.998101771
AXIN1_3,TRIM42,1,0.817571752,0.976842344,0.78163749
AXIN1_3,SCYL1,1,0.818478261,0.981868267,0.933320463
AXIN1_3,MTUS2,1,0.822976982,0.997024715,0.976674318
AXIN1_3,ETV6,1,0.23899745,0.611319244,0.2004188
AXIN1_3,MEOX2,1,0.975342162,0.957382977,0.934776664
AXIN1_3,NBR1,1,0.754472815,0.493477017,0.410750508
AXIN1_3,TRIM37,1,0.813645468,0.95725143,0.905992091
AXIN1_3,GMCL1,1,0.723529412,0.974303067,0.782169223
AXIN1_3,MDFI,1,0.958044243,0.999448121,0.984303653
AXIN1_3,TP53BP2,1,0.767305668,0.914125919,0.9508636
AXIN1_3,CALCOCO2,1,0.956467124,0.992163777,0.996774971
AXIN1_3,KRTAP4-2,1,0.978549696,0.999999881,0.999999046
AXIN1_3,TRAF2,0,0.904,0.683165491,0.378737301
AXIN1_3,ZFYVE19,0,0.312336088,0.535835505,0.131304249
BANP_1,BLZF1,1,0.216576402,0.358569294,0.649020493
BANP_1,TRAF4,1,0.937923133,0.797543347,0.996264994
BANP_1,MDFI,1,0.95974026,0.999880314,0.9999125
BANP_1,ZNF471,1,0.898136646,0.984865546,0.995382369
BANP_1,MEOX2,1,0.931823899,0.991366565,0.994002998
BANP_1,SP4,1,0.942770563,0.999999762,0.987481534
BANP_1,POGZ,1,0.826975415,0.997761011,0.918049634
BANP_1,RAB3IP,1,0.820534538,0.933780611,0.872937202
BANP_1,DLX3,1,0.793025641,0.986854911,0.950930297
BANP_1,ZMIZ2,1,0.999565217,0.999943018,0.991384864
BANP_1,TOX4,1,0.967087875,0.999854326,0.996308267
BANP_1,REL,1,0.979692308,0.865806162,0.985457778
BANP_1,FHL2,1,0.96,0.957801878,0.995224357
BANP_1,KRTAP2-4,0,0.461818182,6.95E-06,0.01400472
BANP_1,KRTAP13-1,0,0.16,2.50E-06,0.096345432
BANP_1,PSTPIP1,0,0.361033647,0.08077272,0.004268429
BANP_1,MIF4GD,0,0.183849975,0.03676153,0.003650367
BANP_1,MKRN3,0,0.081032438,0.006611614,0.020496877
BANP_1,MBIP,0,0.136652864,0.013798824,0.004574513
BANP_1,PPP3R1,0,0.060819672,6.90E-11,2.46E-07
BANP_1,MID2,0,0.207613516,0.054051094,0.110332742
BANP_1,PPFIBP2,0,0.351256467,0.000138131,0.056567762
BANP_1,PPP1CB,0,0.04,9.66E-06,5.83E-06
BANP_1,PSMA3,0,0.363030303,0.003497273,0.004919942
BANP_1,PRTFDC1,0,0.043529412,3.55E-05,5.35E-07
BANP_1,TP53,0,0.14,1.68E-05,0.038632061
BANP_1,MKRN2,0,0.063030303,0.009363831,0.015895633
BANP_2,BANP,1,0.806780225,0.824938715,0.947897673
BANP_2,BLZF1,0,0.198324421,0.014660004,0.117069714
BANP_2,CRX,0,0.238784684,0.03015683,0.068730973
BANP_3,MEOX1,1,0.895795144,0.571645856,0.694268286
BANP_3,MEOX2,1,0.895883375,0.882206619,0.960893273
BANP_3,BANP,1,0.667929293,0.79266113,0.822948098
BANP_3,CRX,0,0.577875593,0.095650099,0.201880351
BANP_3,ZNF471,0,0.337662338,0.021266008,0.102956124
BANP_4,BANP,1,0.922028088,0.999863505,0.705662191
BANP_4,TRAF2,1,0.919692308,0.792820096,0.83172065
BANP_4,FHL5,1,0.7625,0.626078606,0.80061847
BANP_4,MDFI,1,0.85974026,0.999848843,0.999819696
BANP_4,ZNF471,1,0.898136646,0.985062361,0.995748341
BANP_4,SP4,1,0.922770563,0.999999881,0.995638847
BANP_4,CRX,1,0.851516207,0.875296414,0.958661675
BANP_4,DLX3,1,0.753025641,0.987495601,0.963674247
BANP_4,HSFY1,1,0.819470563,0.591266036,0.786540151
BANP_4,CDX4,1,0.593333333,0.971732378,0.984348238
BANP_4,MEOX1,1,0.870037568,0.855522335,0.983306468
BANP_4,REL,1,0.998892308,0.859581113,0.989935935
BANP_4,RAB3IP,1,0.839734538,0.931409776,0.299264878
BANP_4,PRR20A,1,0.771254541,0.999967813,0.858511508
BANP_4,TRAF4,1,0.997923133,0.789233923,0.981065333
BANP_4,FHL2,1,0.96,0.946439147,0.987433493
BANP_4,BIK,0,0.123849975,1.19E-05,6.01E-09
BANP_4,BMF,0,0.24,4.28E-05,0.002246558
BANP_4,MYD88,0,0.06,3.23E-10,0.0014093
BANP_4,FXR2,0,0.222032849,0.006228694,0.202965185
BANP_4,FCHO1,0,0.373845313,0.00063156,0.018350031
BANP_4,KRT19,0,0.139186197,0.003163715,0.005587238
BANP_4,MKRN3,0,0.081032438,0.007619562,0.095267072
BANP_4,KLC3,0,0.183849975,7.47E-05,0.000106163
BANP_4,MVK,0,0.023030303,6.53E-08,0.000392174
BANP_4,FAM154A,0,0.452533333,0.001540497,0.144496188
BANP_4,GDPD5,0,0.103030303,6.60E-09,1.22E-12
BANP_4,EXOSC8,0,0.080794278,0.000696744,0.000786604
BANP_4,BLZF1,0,0.198276402,0.337855518,0.161810607
BANP_4,KRT18,0,0.168088889,0.011876198,0.083151586
BANP_4,MTUS2,0,0.759257525,0.004645908,0.146005705
BANP_4,GKAP1,0,0.124314498,1.16E-05,0.000648712
BANP_5,DLX3,1,0.819361729,0.98750174,0.953096807
BANP_5,REL,1,0.958892308,0.854819059,0.990039527
BANP_5,ZNF471,1,0.898136646,0.986238658,0.991282344
BANP_5,FHL2,1,0.94,0.946057141,0.938098907
BANP_5,SP4,1,0.962770563,0.999999881,0.984002769
BANP_5,MDFI,1,0.89974026,0.999848366,0.999002874
BANP_5,BANP,1,0.962028088,0.999865532,0.689249754
BANP_5,TOX4,1,0.952623963,0.999913335,0.963254869
BANP_5,TRAF4,1,0.977923133,0.790193856,0.903792202
BANP_5,ZMIZ2,1,0.999565217,0.999936104,0.853730023
BANP_5,C1orf94,1,0.997763975,0.999559343,0.985457003
BANP_5,HSFY1,1,0.799470563,0.583821297,0.468311906
BANP_5,MEOX1,1,0.896704235,0.853557348,0.981557012
BANP_5,REEP6,0,0.248695652,8.41E-08,5.17E-10
BANP_5,EXOSC8,0,0.100794278,0.000646145,0.086015306
BANP_5,FCHO1,0,0.36051198,0.000588729,0.016420444
BANP_5,FAM154A,0,0.4592,0.001481277,0.024725126
BANP_5,RASSF5,0,0.225499975,0.015498992,0.019930506
BANP_5,EFCAB4A,0,0.101818182,7.45E-06,4.03E-06
BANP_5,EFHC2,0,0.068695652,0.006068131,0.032141108
BANP_5,SGTB,0,0.083849975,2.53E-07,4.11E-06
BANP_5,RBCK1,0,0.42,0.012052338,0.020004189
BANP_5,SIAH1,0,0.020212766,9.85E-07,0.004022868
BANP_7,L3MBTL3,1,0.661079483,0.966074646,0.911500037
BANP_7,C1orf94,1,0.997763975,0.999410629,0.989318907
BANP_7,BANP,1,0.902028088,0.999875307,0.80599457
BANP_7,ZNF471,1,0.878136646,0.987820446,0.998564065
BANP_7,CEP76,1,0.243590235,0.779237926,0.867115855
BANP_7,SP4,1,0.902770563,0.999999881,0.949649811
BANP_7,MEOX2,1,0.911823899,0.991993308,0.992670059
BANP_7,FHL2,1,0.92,0.949312687,0.858958125
BANP_7,NMNAT1,1,0.696103896,0.973001719,0.969897091
BANP_7,ZMIZ2,1,0.979565217,0.999951482,0.924965858
BANP_7,PRR20A,1,0.871254541,0.999973297,0.949732661
BANP_7,MDFI,1,0.89974026,0.999886751,0.998695552
BANP_7,TOX4,1,0.907087875,0.9999125,0.987296104
BANP_7,HSFY1,0,0.240270563,0.473386109,0.540668011
BANP_7,AMOTL2,0,0.291363636,0.000700475,0.001042297
BANP_7,ADAMTSL4,0,0.090254094,0.001005051,0.103412688
BANP_7,ACTN2,0,0.103542283,0.000140874,0.010233242
BANP_7,ABI2,0,0.535796204,0.011445569,0.226050898
BANP_7,TSG101,0,0.103849975,0.006176399,0.000913113
BANP_7,FHL5,0,0.1625,0.554352582,0.064557806
BANP_7,ACTN1,0,0.043849975,4.54E-05,0.00517098
BANP_7,AGTRAP,0,0.020212766,2.92E-11,4.56E-09
BANP_7,ACY3,0,0.043849975,9.57E-10,0.008751417
BANP_7,APBB1IP,0,0.200534538,0.000945389,0.278791338
BANP_7,TRIM9,0,0.097763975,0.014454908,0.040844642
BANP_7,BLZF1,0,0.205743069,0.282954484,0.003136793
BANP_7,AHCYL1,0,0.08,3.90E-08,0.048824817
BCL2L1_1,BAD,1,0.7392,0.23063606,0.99999094
BCL2L1_1,BIK,1,0.64,0.770420372,0.999988556
BCL2L1_1,BMF,1,0.858632479,0.931871772,0.999973536
BCL2L1_1,KIFC3,0,0.580383707,0.002857522,0.000690539
BCL2L1_1,VAC14,0,0.253189648,0.04425212,2.56E-07
BCL2L1_1,KRT18,0,0.276639831,0.001444045,0.001333587
BCL2L1_3,BMF,1,0.818044243,0.989057124,0.565793395
BCL2L1_3,VAC14,1,0.752998721,0.996950626,0.999969482
BCL2L1_3,BIK,1,0.34,0.986694217,0.999135435
BCL2L1_3,BAD,0,0.3525,0.000802036,0.099241234
BCL2L1_3,CCDC33,0,0.240308748,0.208457872,0.002330996
BTC_1,GMPPA,1,0.795004235,0.973887265,0.999976397
BTC_1,BAD,0,0.160819672,0.000516143,2.06E-06
BTRC_1,RASSF5,1,0.81870758,0.764904201,0.514924288
BTRC_1,TACC1,1,0.939411765,0.940247834,0.983361185
BTRC_1,PLK4,1,0.740200717,0.20894061,0.630870283
BTRC_1,MAGEA11,0,0.16,0.046141528,0.201115131
BTRC_1,LSM3,0,0.28,0.000604206,2.00E-05
BTRC_1,LZTS2,0,0.551812279,0.063857511,0.144681945
BTRC_3,RASSF5,1,0.83870758,0.782076716,0.69394666
BTRC_3,TACC1,1,0.919104072,0.927970231,0.987363994
BTRC_3,PLK4,0,0.680200717,0.214313254,0.568448544
BTRC_3,SGTB,0,0.14,0.000131591,0.002239387
BTRC_4,TACC1,1,0.939692308,0.941453457,0.961782038
BTRC_4,RASSF5,0,0.33974026,0.763709605,0.239740103
CAPN3_2,CEP76,1,0.842770563,0.954464495,0.999862432
CAPN3_2,TFCP2,1,0.918646465,0.961832106,0.998847127
CAPN3_2,LAX1,0,0.162857143,0.009337871,0.094850011
CAPN3_7,TFCP2,1,0.899555556,0.750158489,0.981445134
CAPN3_7,CEP76,0,0.283849975,0.037791859,0.258577168
CD99L2_3,SGTA,0,0.260819672,0.002789476,1.13E-08
COG7_1,TAX1BP1,1,0.767725205,0.895201385,0.444063574
COG7_1,ZNF471,1,0.859565217,0.989924908,0.983992517
COG7_1,MEOX2,1,0.876792466,0.934709489,0.986306071
COG7_1,COG5,0,0.223030303,0.12655887,1.88E-06
COG7_1,CRX,0,0.198784684,0.019302109,0.018862693
COG7_1,EMILIN1,0,0.050714286,0.176003441,0.012947083
COG7_1,EFS,0,0.054188904,0.005295079,2.07E-05
COG7_3,KIFC3,1,0.9,0.973089218,0.931762457
COG7_3,EMILIN1,1,0.71,0.968844354,0.125834256
COG7_3,MEOX2,1,0.919137931,0.985173225,0.997473657
COG7_3,ZNF471,1,0.859137931,0.978540838,0.99300462
COG7_3,CDR2,0,0.22,0.0072109,0.00384196
COG7_3,TAX1BP1,0,0.25,0.025278507,0.007043683
COG7_3,NAV2,0,0.5375,0.003422605,0.000808464
COL1A2_1,SGTA,1,0.958311688,0.999999046,0.962112427
COL1A2_1,KCNIP4,1,0.8,0.871030927,0.890079618
COL1A2_1,AES,0,0.29974026,0.001106863,0.000647236
COL1A2_1,EFS,0,0.383605946,0.00595788,0.005098788
COL1A2_5,SGTA,1,0.908571429,0.999995708,0.992030263
COL1A2_5,TRIM32,0,0.48,0.004228741,0.007289864
COL1A2_5,KCNIP4,0,0.24,0.130865514,0.140377164
COPS4_1,USHBP1,1,0.8,0.990673125,0.984490037
COPS4_1,KRT19,1,0.728888889,0.974382162,0.869606853
COPS4_1,NFIX,0,0.44,4.73E-05,2.64E-08
COPS4_1,TACC1,0,0.280714286,0.006372323,0.034372527
CRK_1,PPFIBP2,1,0.341229881,0.043617543,0.937450826
CRK_1,ELK3,1,0.728906926,0.025429979,0.962371588
CRK_1,PSMC6,1,0.9,0.773833752,0.986021817
CRK_1,C1orf94,1,0.776396454,0.856665909,0.994618237
CRK_1,USP53,1,0.88,0.852877498,0.999978065
CRK_1,ZFP64,0,0.262857143,0.006329875,0.065873668
CRK_1,ZMAT4,0,0.3125,0.073691987,0.00747089
CRK_1,ZFYVE19,0,0.102666667,0.010410648,0.027377507
CRK_2,DPPA4,1,0.757319531,0.526664317,0.933217883
CRK_2,TP53BP2,1,0.877319531,0.851331532,0.993371367
CRK_2,PSMC6,1,0.805685619,0.457731247,0.999571025
CRK_2,ASAP3,1,0.782608696,0.267260402,0.982564628
CRK_2,USP53,1,0.760819672,0.727846801,0.985783696
CRK_2,SPRY2,0,0.182666667,0.002852703,0.007936789
CRK_2,SRSF11,0,0.52,0.002899121,0.152194411
CRK_2,PPFIBP2,0,0.162608696,0.033076376,0.171686172
CRK_2,SPERT,0,0.158583647,0.009846578,0.000283016
CRK_2,ELK3,0,0.221907841,0.00506923,0.153399482
DIABLO_1,ARL6IP1,1,0.710652939,0.999711215,0.995207489
DIABLO_1,LDOC1,0,0.540819672,0.001321657,1.54E-06
DYX1C1_1,STUB1,1,0.243030303,0.812188745,0.929968119
DYX1C1_1,KRT13,0,0.277433397,0.063855916,0.037236154
DYX1C1_1,TRIM23,0,0.239669421,0.00549514,0.077645957
DYX1C1_3,EFCAB4A,1,0.16,0.987209439,0.877067268
DYX1C1_3,KRT13,1,0.814556441,0.993862629,0.921387732
DYX1C1_3,EXOC5,1,0.817572738,0.983308971,0.973979056
DYX1C1_3,TRIM23,1,0.779669421,0.983511984,0.96274966
DYX1C1_3,SGTA,0,0.462770563,0.000793548,0.008945049
DYX1C1_3,SGTB,0,0.123030303,0.000177333,0.005454772
DYX1C1_3,STUB1,0,0.402770563,0.020036658,0.149515778
DYX1C1_3,SDCCAG3,0,0.496382879,0.02064814,0.01511482
E2F6_1,TFDP2,1,0.762348955,0.737935126,0.685131848
E2F6_1,BLZF1,0,0.157440976,0.012217888,0.144656211
E2F6_1,BIK,0,0.021464833,0.000811931,5.46E-07
EFEMP1_1,SGTA,1,0.878878191,0.882237852,0.906994879
EFEMP1_1,MEOX2,1,0.919137931,0.96548593,0.898730814
EFEMP1_1,DOCK8,0,0.197976741,0.03551425,0.000240693
EFEMP1_1,DHX15,0,0.1,0.117840156,0.003331877
EFEMP1_1,DLX3,0,0.440714286,0.027783133,0.026377536
EFEMP1_2,TRAF2,1,0.94,0.893743336,0.999853373
EFEMP1_2,MEOX2,1,0.959137931,0.960896015,0.947209001
EFEMP1_2,HSPA8,0,0.143333333,0.009601019,3.22E-05
EFEMP1_2,IKZF3,0,0.240714286,0.080737077,0.027448528
FAM126A_2,FHL3,1,0.82,0.959108353,0.943053484
FAM126A_2,MEOX2,1,0.777297919,0.591185868,0.560940683
FAM126A_2,BANP,0,0.227767426,0.001275908,0.050290331
FAM126A_2,BAD,0,0.133319672,8.10E-05,0.005604751
FAM126A_3,CCNDBP1,1,0.777763975,0.9909603,0.993010223
FAM126A_3,MEOX2,0,0.357628497,0.509550035,0.360766023
FAM54B_1,MAGEA12,1,0.293333333,0.994006634,0.752973318
FAM54B_1,ARMC1,1,0.740819672,0.948283434,0.993038476
FAM54B_1,MTUS2,0,0.266666667,0.07976757,0.020216525
FAM54B_1,MPP1,0,0.120042092,0.01188344,0.220777288
FAM64A_2,SPAG5,1,0.767297919,0.996230185,0.972419381
FAM64A_2,CMTM5,1,0.637123045,0.999738038,0.999551117
FAM64A_2,CCNDBP1,1,0.85412295,0.999833822,0.999998331
FAM64A_2,BEND5,1,0.756854884,0.930198371,0.990514636
FAM64A_2,HOOK2,1,0.460625534,0.996500492,0.999332011
FAM64A_2,VPS52,1,0.770803419,0.978044212,0.999912381
FAM64A_2,CEP70,1,0.653694372,0.999961734,0.999921083
FAM64A_2,RINT1,1,0.639090909,0.999898791,0.999956012
FAM64A_2,DOCK8,1,0.704430642,0.994927764,0.993121803
FAM64A_2,FASLG,0,0.18,0.000484438,0.006879609
FAM64A_2,USP53,0,0.140819672,0.000269691,0.000650719
FAM64A_2,FAM154A,0,0.22,0.003312487,0.000374111
FAM64A_2,UCK1,0,0.120294118,0.000104067,0.060049538
FAM64A_2,UPP2,0,0.341666667,0.001181891,0.021436105
FAM64A_2,RPGRIP1,0,0.316901906,0.439493001,0.142868027
FAM64A_2,REEP6,0,0.34,6.73E-05,0.011921586
FAM64A_2,UBL7,0,0.181818182,0.004898333,0.075180195
FAM64A_2,RUNDC3A,0,0.179137931,0.01136486,0.075467616
FAM64A_2,REL,0,0.554692308,0.213356867,0.06682688
FANCG_2,USHBP1,1,0.834826654,0.988076925,0.985855043
FANCG_2,MEOX2,1,0.932597064,0.949207723,0.998973846
FANCG_2,KRT18,0,0.236639831,0.118158169,0.003772213
FANCG_2,KLC3,0,0.080819672,0.03317583,0.00237567
FANCG_3,HGS,1,0.65974026,0.198594764,0.951724887
FANCG_3,NOTCH2NL,0,0.14,0.010738732,3.12E-08
FANCG_3,OGT,0,0.119910581,6.65E-08,3.88E-11
FANCG_5,MEOX2,1,0.932008829,0.818014205,0.999065101
FANCG_5,HGS,0,0.202534377,0.02674056,0.027398501
FGA_2,MEOX2,1,0.795342162,0.987468362,0.99915421
FGA_2,AGTRAP,0,0.480212766,0.005048472,0.005873195
FGA_5,AGTRAP,1,0.700212766,0.999316454,1
FGA_5,MEOX2,1,0.935598572,0.979244173,0.999935031
FGA_5,EID1,0,0.260819672,0.002022286,0.001010043
FGA_8,AGTRAP,1,0.760212766,0.999962091,1
FGA_8,CDC42EP2,0,0.121008403,5.68E-07,5.36E-06
FGA_8,CCND2,0,0.043529412,8.60E-06,0.035160631
GAD1_1,CMTM5,1,0.857123045,0.999512553,1
GAD1_1,AGTRAP,1,0.82,0.996954203,1
GAD1_1,KRTAP3-2,0,0.218490566,0.001082391,5.55E-06
GAD1_1,KRT31,0,0.338324786,5.50E-05,1.37E-06
GAD1_1,TRIM23,0,0.1,1.30E-05,0.011975521
GAD1_2,KRT31,1,0.777130892,0.998742998,0.973573506
GAD1_2,AGTRAP,1,0.76,0.999332726,0.999916434
GAD1_2,KRTAP3-2,1,0.777581475,0.999991775,0.999995112
GAD1_2,TRIM23,1,0.7,0.952487648,0.95211345
GAD1_2,MAL2,1,0.823529412,0.999899268,0.999984622
GAD1_2,CMTM5,1,0.885175058,0.999999762,1
GAD1_2,ACY3,0,0.160819672,0.000143587,0.309363335
GAD1_2,DHX15,0,0.123896595,0.004855809,0.031876076
GAD1_2,BIK,0,0.100819672,8.90E-05,0.015845072
GAD1_2,LDOC1,0,0.560819672,0.005817827,0.200800225
GAD1_2,LHX4,0,0.166961215,0.003089351,0.055166926
GAD1_2,DLX3,0,0.158783217,2.85E-05,0.061953478
GALT_2,VAC14,1,0.738156283,0.981843889,0.999725759
GALT_2,TRIP13,1,0.779910581,0.945535958,0.999960899
GALT_2,HSFY1,0,0.65644026,0.007622234,0.002561854
GINS3_1,MEOX2,0,0.22,0.066570811,0.103069521
GINS3_2,VAC14,1,0.413214286,0.940229714,0.998172045
GINS3_2,MEOX2,1,0.798632479,0.81422472,0.542832077
GINS3_2,MIER2,0,0.228435912,0.003105679,0.027480789
GINS3_2,MID2,0,0.304166667,0.013294506,0.004198285
GNMT_1,ARRB1,1,0.898188034,0.992101133,0.985962451
GNMT_1,FASLG,0,0.100714286,0.00223807,0.097103372
GNMT_3,GNMT,1,0.683030303,0.73730737,0.994424284
HGS_1,USHBP1,1,0.818159988,0.11953412,0.829546392
HGS_1,FCHSD2,1,0.624188034,0.896664619,0.992220342
HGS_1,HSFY1,1,0.391406926,0.889799237,0.146704495
HGS_1,CDR2,1,0.877763975,0.97324872,0.9452402
HGS_1,TRIM69,1,0.9583019,0.985694706,0.55312556
HGS_1,EXOC5,1,0.830872738,0.996485472,0.99960345
HGS_1,MIF4GD,1,0.700819672,0.99100399,0.999765337
HGS_1,CRX,1,0.778784684,0.809900463,0.799054682
HGS_1,TEKT1,1,0.456,0.993347943,0.999882579
HGS_1,AES,1,0.87224026,0.9884426,0.993400455
HGS_1,TRAF4,1,0.938230826,0.986525178,0.882674813
HGS_1,VPS37B,1,0.807763975,0.96624583,0.666269183
HGS_1,CCDC114,1,0.703828557,0.974402428,0.939692438
HGS_1,INTS4,1,0.574333333,0.86865747,0.905422747
HGS_1,C1orf94,1,0.956396454,0.902886152,0.987303317
HGS_1,CCDC136,1,0.520714286,0.953273416,0.938770771
HGS_1,VPS52,1,0.826428571,0.998408139,0.999944329
HGS_1,KRTAP26-1,1,0.898807353,0.999417901,0.999361694
HGS_1,CEP63,1,0.75777041,0.419500619,0.344837606
HGS_1,STX11,1,0.225,0.943895817,0.999973059
HGS_1,COG8,1,0.856144697,0.99663949,0.988189578
HGS_1,TRIM17,1,0.320645161,0.597221136,0.412037551
HGS_1,KRT40,1,0.973694372,0.950275064,0.970609844
HGS_1,FAM168A,1,0.88,0.9900406,0.999898791
HGS_1,MAPK1IP1L,1,0.640819672,0.989866972,0.999231696
HGS_1,CBLL1,0,0.175105946,0.010133477,0.207234308
HGS_1,MAL2,0,0.143529412,0.003474413,3.38E-08
HGS_1,GSS,0,0.062780456,0.001031033,1.25E-05
HGS_1,RBM12,0,0.201758951,0.003377766,0.142826989
HGS_1,CARD9,0,0.180714286,0.005220361,0.288081646
HGS_1,PAICS,0,0.184708561,0.002608935,2.08E-07
HGS_1,HNRNPK,0,0.10111379,0.000648202,0.016987301
HGS_1,CBLB,0,0.213912935,0.002296204,0.11084266
HGS_1,SGTB,0,0.122486339,0.000245118,0.024033396
HGS_1,CCDC36,0,0.241008403,0.033737354,0.232752845
HGS_1,HMBOX1,0,0.1125,0.017415775,0.007321306
HGS_1,RBCK1,0,0.185714286,0.315063983,0.197453961
HGS_1,MAGEA12,0,0.102311828,0.014073641,0.339490294
HGS_1,MAGEA6,0,0.061666667,0.008473348,0.151930153
HGS_1,GOPC,0,0.321439712,0.032930538,0.173067749
HGS_1,CCDC33,0,0.240308748,0.026538856,0.154056594
HGS_1,CAMK2B,0,0.080819672,0.001952776,7.02E-05
HGS_1,RBM10,0,0.351461451,0.048160985,0.05603984
HGS_1,OPTN,0,0.198632479,0.00120792,0.133901492
HGS_1,PCBD1,0,0.196396454,0.019504115,0.000743628
HGS_1,MAD1L1,0,0.345383707,0.013194245,0.103396952
HGS_1,RBM39,0,0.317226599,0.001361996,0.002492032
HGS_1,MAGEA11,0,0.123529412,0.000609191,0.001962532
HGS_1,OGT,0,0.102486339,8.17E-08,5.19E-07
HGS_1,GORASP1,0,0.143859447,0.014578508,0.043776099
HGS_1,NUP62,0,0.32,0.250628054,0.389464527
HGS_1,GPRASP2,0,0.156464833,0.002221538,0.412141025
HGS_2,DYDC1,1,0.674430642,0.964150846,0.768416822
HGS_2,CDR2,1,0.75717574,0.897490263,0.827355921
HGS_2,CCDC67,1,0.67277041,0.463181347,0.848409057
HGS_2,KRT38,1,0.908436716,0.554457307,0.931555927
HGS_2,CCDC114,1,0.78216189,0.944797993,0.823966444
HGS_2,CCDC136,1,0.746078431,0.907555282,0.875841081
HGS_2,VPS52,1,0.815492063,0.994787335,0.999841928
HGS_2,TRAF4,1,0.898230826,0.966246724,0.958414137
HGS_2,EXOC5,1,0.930872738,0.980390251,0.998825729
HGS_2,RBCK1,1,0.665714286,0.192236081,0.372269899
HGS_2,RFX6,1,0.822240488,0.94433254,0.790447712
HGS_2,TFG,1,0.81224026,0.93583858,0.79393518
HGS_2,AES,1,0.95224026,0.995196521,0.982593834
HGS_2,C1orf94,1,0.916396454,0.964458466,0.994050562
HGS_2,NUP62,1,0.8,0.681161702,0.418740302
HGS_2,KRT18,1,0.824682174,0.610566974,0.827688098
HGS_2,KIAA0753,1,0.803760976,0.95661819,0.908229768
HGS_2,KRTAP26-1,1,0.914137931,0.999049842,0.999685764
HGS_2,C10orf18,1,0.778490566,0.883512855,0.88948071
HGS_2,TRIM69,1,0.913632479,0.941652298,0.366124541
HGS_2,MAPK1IP1L,1,0.860231437,0.997068942,0.999815404
HGS_2,PNMA1,1,0.735,0.930829942,0.43239212
HGS_2,NEFL,1,0.891396454,0.909582198,0.527268469
HGS_2,MED7,1,0.791590909,0.973674953,0.833878875
HGS_2,KRT13,1,0.948436716,0.96077764,0.765607774
HGS_2,TRIM17,0,0.280645161,0.142945156,0.240043253
HGS_2,MPP1,0,0.118319531,0.000278421,0.001235641
HGS_2,MVK,0,0.141666667,3.36E-05,5.17E-06
HGS_2,N6AMT2,0,0.080294118,0.043939181,0.019247374
HGS_2,SSX2IP,0,0.214137931,0.050809782,0.375807911
HGS_2,RABAC1,0,0.042311828,6.92E-06,1.04E-08
HGS_2,CEP63,0,0.27777041,0.078802004,0.102369376
HGS_2,MTUS2,0,0.305643649,0.006474655,0.270684421
HGS_2,PTPRN,0,0.203828557,0.002501334,0.000760004
HGS_2,INTS4,0,0.197666667,0.610886037,0.672206521
HGS_2,USHBP1,0,0.313490566,0.021750398,0.624415517
HGS_2,SPERT,0,0.516354057,0.012462359,0.277656674
HGS_2,MKRN3,0,0.253464833,0.001274394,0.012043364
HGS_2,MYD88,0,0.12,1.66E-07,0.001893884
HGS_2,MIER2,0,0.228563789,0.010530372,0.056835484
HGS_2,MKRN2,0,0.202311828,0.012553755,0.003222359
HGS_2,NEBL,0,0.319166667,0.00126682,0.181445688
HGS_2,KRT33B,0,0.86994615,0.024304258,0.611811996
HGS_2,PUF60,0,0.264184704,0.006645886,0.009925588
HGS_2,LDOC1,0,0.180819672,0.004445705,0.040914465
HGS_2,MIPOL1,0,0.215,0.024019402,0.53876996
HNRPLL_3,FAM9B,1,0.682879433,0.974796236,0.982955158
HNRPLL_3,ADAMTSL4,1,0.80933528,0.473056138,0.338219196
HNRPLL_3,AES,1,0.879295815,0.977382004,0.738854766
HNRPLL_3,KRT40,1,0.964366529,0.999473989,0.752337277
HNRPLL_3,SRSF11,1,0.899411765,0.999085665,0.871604443
HNRPLL_3,RBPMS,1,0.901157287,0.999989748,0.93365103
HNRPLL_3,THAP1,1,0.821430191,0.994115949,0.921055198
HNRPLL_3,BHLHE40,1,0.918717242,0.62254405,0.523790359
HNRPLL_3,MID2,1,0.828517267,0.997609138,0.982595682
HNRPLL_3,EFHC2,1,0.804107417,0.806121647,0.905529797
HNRPLL_3,VAC14,1,0.733923603,0.942254782,0.57336992
HNRPLL_3,SKIL,1,0.86324538,0.972890496,0.525475562
HNRPLL_3,KHDRBS2,1,0.748435912,0.974771559,0.981974542
HNRPLL_3,CALCOCO2,1,0.895900621,0.993725598,0.837410331
HNRPLL_3,TRIM23,1,0.839669421,0.995748341,0.99853456
HNRPLL_3,SPRY2,1,0.775143477,0.972445548,0.948541105
HNRPLL_3,IKZF3,1,0.833135152,0.991823256,0.774241447
HNRPLL_3,KRT31,1,0.877405973,0.998783886,0.852019846
HNRPLL_3,DDX39B,1,0.860375228,0.952679753,0.935441375
HNRPLL_3,MDFI,1,0.957784503,0.999999762,0.989288211
HNRPLL_3,RBM10,1,0.767847677,0.700733185,0.694808304
HNRPLL_3,TMCC2,1,0.875363774,0.84875077,0.255291462
HNRPLL_3,GOPC,1,0.759501858,0.804844141,0.183542699
HNRPLL_3,KRTAP10-3,1,0.96,0.999999762,1
HNRPLL_3,BLZF1,0,0.2133215,0.133320883,0.266388446
HNRPLL_3,PLSCR1,0,0.120819672,0.007526646,0.000802577
HNRPLL_3,ARMC1,0,0.343849975,0.014007907,0.007095024
HNRPLL_3,PPP1CB,0,0.1,0.000570651,1.82E-05
HNRPLL_3,GOLGA2,0,0.183632679,0.014213778,0.01891458
HNRPLL_3,HSPA8,0,0.064153005,5.55E-06,0.00235216
HNRPLL_3,BIK,0,0.163849975,0.000138566,1.90E-08
HNRPLL_3,HOMER3,0,0.104420398,7.23E-05,0.000535808
HNRPLL_3,PPP3R1,0,0.120819672,4.62E-09,1.78E-06
HNRPLL_3,TEX11,0,0.173546099,0.031515066,0.089056194
HNRPLL_3,TENC1,0,0.738161415,0.112328596,0.079033293
HNRPLL_3,GLRX3,0,0.151552795,0.000205716,0.019400619
HNRPLL_3,HOOK2,0,0.141487603,0.002682997,7.62E-06
HNRPLL_3,BEND7,0,0.24113502,0.00191396,0.014463708
HNRPLL_3,ASL,0,0.183030303,0.002098034,0.012066704
HNRPLL_3,GNMT,0,0.163849975,0.000466315,0.001627504
HNRPLL_3,GKAP1,0,0.14386578,0.000134206,0.015850106
HNRPLL_3,BMF,0,0.298044243,7.10E-05,0.021064384
HNRPLL_3,BEND5,0,0.196854884,0.030438656,0.016504616
INPP1_1,MEOX2,1,0.896260976,0.899825633,0.897089541
INPP1_2,LDOC1,1,0.8,0.957639396,0.946717501
INPP1_2,NR1D1,1,0.778988123,0.906811059,0.951664865
INPP1_2,MEOX2,1,0.877123045,0.995981574,0.97706157
INPP1_2,ZNF483,0,0.162666667,0.000517184,0.061778545
INPP1_2,ZNF496,0,0.221820659,0.006130673,0.068448275
KIAA0907_1,RBM39,1,0.756406926,0.962858737,0.843309343
KIAA0907_1,MAGEA12,1,0.7,0.987934113,0.810587168
KIAA0907_1,TCL1A,0,0.54,0.000448986,0.048086446
KIAA0907_1,TEKT1,0,0.216,0.047267899,0.039381485
KRT6A_1,KRT15,1,0.956004825,0.998420358,0.998979986
KRT6A_1,HGS,1,0.281804607,0.931327581,0.614224613
KRT6A_1,KRT40,1,0.944954764,0.997804821,0.999647737
KRT6A_1,KHDRBS2,0,0.26898977,0.016183849,0.000259288
KRT6A_1,KHDRBS3,0,0.183324421,0.016365984,7.95E-05
KRT6A_1,MTUS2,0,0.659692308,0.020803692,0.002054387
KRT6A_2,MTUS2,1,0.859411765,0.999425888,0.97168982
KRT6A_2,TSGA10,1,0.738044243,0.999983549,0.999798119
KRT6A_2,KRT40,1,0.724697107,0.999976873,0.992938876
KRT6A_2,PSME3,0,0.4392,0.006152526,0.13709861
KRT6A_2,HGS,0,0.021818182,0.00019926,0.00773511
L3MBTL2_1,BEND7,1,0.719692308,0.905287623,0.992367566
L3MBTL2_1,ZFP64,1,0.737806976,0.733398676,0.940406442
L3MBTL2_1,ZFY,1,0.716231884,0.895522952,0.96245569
L3MBTL2_1,STAC3,1,0.758892308,0.606696427,0.940770507
L3MBTL2_1,KRT38,0,0.1,0.007705762,0.000151722
L3MBTL2_1,KRT33B,0,0.14,0.000883707,0.000892811
L3MBTL2_1,KRT40,0,0.2,0.012574455,0.000950442
LCK_1,PTK2,1,0.756136714,0.697995007,0.992299378
LCK_1,GATA3,0,0.36,0.011854316,0.607814193
LCK_2,GATA3,1,0.720294118,0.015808068,0.434056669
LCK_2,ZC4H2,0,0.101008403,0.000809993,0.027285637
LSM1_1,LSM3,1,0.839090909,0.987375379,0.99850142
LSM1_1,TFCP2,0,0.358646465,0.00061016,0.009446711
LSM1_3,TFCP2,1,0.879555556,0.971552312,0.981003165
LSM1_3,LSM3,0,0.62,0.003643759,0.023853887
MCM7_1,MCMBP,1,0.842770563,0.980191588,0.959373772
MCM7_1,MAGEA6,0,0.14,0.003272968,0.093093127
MCM7_2,ABI2,1,0.792192308,0.984777451,0.782549918
MCM7_2,MAGEA6,1,0.18,0.991250277,0.988437235
MCM7_2,MEOX2,1,0.696460641,0.994605124,0.927765906
MCM7_2,CXorf41,1,0.796,0.995964646,0.950270712
MCM7_2,CCNDBP1,0,0.262582333,0.007081932,0.030629946
MCM7_2,CCND2,0,0.12,6.70E-05,0.000147627
MCM7_2,MCMBP,0,0.222222222,0.019394942,0.005707506
MCM7_2,KRTAP13-1,0,0.200645161,0.004460905,0.001463331
MCMBP_1,PRTFDC1,1,0.1992,0.75667119,0.987559736
MCMBP_1,ASL,1,0.683030303,0.883819282,0.959300816
MCMBP_1,BIK,0,0.103030303,0.00282411,0.01190187
MCMBP_1,GNMT,0,0.183030303,0.076705478,0.57402575
MCMBP_3,PRTFDC1,0,0.1992,0.01860958,0.069166437
MEF2A_3,MEOX1,1,0.810263975,0.138501778,0.137659907
MEF2A_4,MEOX1,0,0.357763975,0.118614189,0.04846257
METTL17_1,SPERT,1,0.197934344,0.153079703,0.869219661
METTL17_1,PNMA1,1,0.899669421,0.946043968,0.995251656
METTL17_1,MDFI,1,0.999411765,0.94374311,0.993201315
METTL17_1,MEOX2,1,0.816709683,0.277028054,0.957605302
METTL17_1,CALCOCO2,1,0.956467124,0.99966681,0.996073723
METTL17_1,CEP70,1,0.894473658,0.999393344,0.999032736
METTL17_1,STUB1,0,0.043849975,0.000311385,0.068028785
METTL17_1,L3MBTL3,0,0.22800589,0.000482747,0.141442046
METTL17_1,STX11,0,0.063030303,0.463219553,0.00150387
METTL17_1,LCP2,0,0.262325065,3.21E-05,0.000152619
METTL17_1,LHX4,0,0.219918648,0.059507299,0.439264774
METTL17_1,LAX1,0,0.18,0.000642792,0.205712244
METTL17_4,MID2,1,0.874426636,0.98315686,0.998892128
METTL17_4,PNMA1,1,0.839669421,0.946219444,0.984745324
METTL17_4,TRAF1,1,0.7983669,0.920286238,0.9996382
METTL17_4,CALCOCO2,1,0.956335404,0.999661088,0.981272817
METTL17_4,MDFI,1,0.976078431,0.947027028,0.992226362
METTL17_4,MEOX2,0,0.334238419,0.268437684,0.843052387
METTL17_4,SPERT,0,0.158796413,0.151877776,0.272778302
METTL17_4,CAMK2B,0,0.181032438,6.83E-05,0.014611646
METTL17_4,C15orf55,0,0.22,0.030928183,0.03350063
METTL17_4,CADPS,0,0.274141414,0.077487513,0.078603603
MLF1_1,MAGEA11,1,0.78,0.99643904,0.631999016
MLF1_1,MEOX2,0,0.23777041,0.001874188,0.172002584
MLF1_5,MEOX2,1,0.875598572,0.964488387,0.999993086
MLF1_5,MAGEA11,0,0.183529412,1.23E-05,0.005434242
MOBP_1,KRTAP10-8,1,0.89822884,0.999998689,0.989525318
MOBP_1,KRTAP10-9,1,0.89822884,0.999999881,1
MOBP_1,KRTAP10-3,1,0.859137931,0.99998486,1
MOBP_1,AHCYL1,0,0.476,0.000183724,7.13E-10
MOBP_1,AGTRAP,0,0.209260385,0.001172695,7.68E-22
MOBP_1,WAC,0,0.2125,0.002193935,0.000652243
MOBP_2,WAC,1,0.691911765,0.998632848,0.814973831
MOBP_2,KRTAP10-8,1,0.959137931,1,0.986370325
MOBP_2,KRT40,1,0.917182174,0.999956369,0.776459455
MOBP_2,MEOX2,1,0.737182174,0.992202401,0.961357355
MOBP_2,KRTAP10-9,1,0.959137931,1,1
MOBP_2,KRTAP10-3,1,0.979137931,1,1
MOBP_2,S100A1,0,0.180645161,1.99E-10,1.11E-08
MOBP_2,RTN3,0,0.100927052,5.40E-06,2.24E-07
MOBP_2,MEOX1,0,0.2925,0.01540912,0.003769099
MOBP_2,RPGRIP1,0,0.10288252,0.012708383,0.000740915
MOBP_2,MED7,0,0.196244589,0.001955397,0.000945242
MOBP_2,MIPOL1,0,0.12,0.010161942,0.245364934
MXI1_1,KRT40,1,0.870203806,0.999062598,0.996379912
MXI1_1,HOMER3,0,0.138333441,0.000593747,0.004129863
MYOT_1,ACTN2,1,0.574674761,0.719142437,0.912994087
MYOT_1,ACTN1,0,0.242482454,0.641384184,0.768690705
MYOT_2,ACTN2,1,0.933741174,0.617947638,0.999852419
MYOT_2,ACTN1,1,0.878632479,0.743448019,0.999594271
MYOT_2,BMF,0,0.598044243,2.59E-05,5.67E-07
MYOT_2,C10orf18,0,0.278490566,2.18E-06,0.00070894
NCK1_2,FAM22F,1,0.74,0.985202253,0.792854905
NCK1_2,GMPPA,1,0.857504235,0.992399931,0.999996662
NCK1_2,WASL,1,0.83224026,0.989658535,0.944681168
NCK1_2,SORBS3,1,0.655263975,0.764310956,0.507807195
NCK1_2,FASLG,1,0.700714286,0.931438625,0.974458873
NCK1_2,MIER2,0,0.520034377,0.017637217,0.038598239
NCK1_2,EMILIN1,0,0.100714286,0.001207778,5.06E-08
NCK1_2,ELK3,0,0.251672308,0.000255762,0.089230202
NCK1_2,FATE1,0,0.200212766,9.69E-06,8.69E-08
NCK1_2,FAM9B,0,0.223593718,0.000232371,2.10E-08
NCK1_2,ETV6,0,0.220506884,0.020281639,0.112852462
NCK1_3,FCHO1,1,0.541359447,0.831674576,0.995655179
NCK1_3,ABI2,1,0.839295815,0.435528666,0.905278385
NCK1_3,FAM22F,0,0.304,0.280519187,0.728002787
NCK1_3,FASLG,0,0.521359447,0.010775588,2.45E-05
NCK2_1,CBLB,1,0.611979798,0.836401761,0.999925733
NCK2_1,ABI2,1,0.839295815,0.314512551,0.995896101
NCK2_1,LRRIQ3,1,0.839555556,0.874205649,0.857156217
NCK2_1,MEOX2,1,0.919137931,0.81625104,0.999679565
NCK2_1,WASL,1,0.919295815,0.859006464,0.984875739
NCK2_1,LCP2,1,0.86,0.84345597,0.999840856
NCK2_1,INTS4,0,0.04,0.015779162,0.031028382
NCK2_1,JUP,0,0.32,0.12777029,0.001863384
NCK2_1,KCNA3,0,0.380010101,0.000725118,3.76E-09
NCK2_1,EMILIN1,0,0.060714286,2.89E-05,0.037425421
NCK2_2,EFS,1,0.442666667,0.977852106,0.965400934
NCK2_2,ABI2,0,0.739247863,0.026293095,0.016894579
NDN_2,SERTAD3,1,0.699669421,0.884795606,0.962096512
NDN_2,DTNBP1,1,0.679672469,0.974660754,0.999842286
NDN_2,FAM131C,1,0.559090909,0.711720943,0.940172911
NDN_2,TFIP11,1,0.782230303,0.971215427,0.999978662
NDN_2,TP53,1,0.76,0.497070998,0.954937041
NDN_2,CCDC136,1,0.420212766,0.93726635,0.97842741
NDN_2,C12orf10,1,0.818490566,0.940448225,0.997485876
NDN_2,ZBTB1,1,0.745157233,0.810341001,0.674903274
NDN_2,FXR2,1,0.806340541,0.862629235,0.781844199
NDN_2,ZBTB7B,1,0.821520869,0.585883737,0.96556735
NDN_2,GKAP1,1,0.664432282,0.883214295,0.926237822
NDN_2,U2AF1,1,0.256417053,0.947590351,0.904718399
NDN_2,MKRN2,1,0.305081585,0.428313375,0.98581934
NDN_2,N6AMT2,1,0.32,0.915453494,0.923993886
NDN_2,NEFL,1,0.856065875,0.577542365,0.997619808
NDN_2,APBB1IP,1,0.695033683,0.488070488,0.993681788
NDN_2,LAX1,1,0.42,0.821177244,0.997701705
NDN_2,MIER2,1,0.772435912,0.441255331,0.946022987
NDN_2,EID1,1,0.700819672,0.808594763,0.961361527
NDN_2,RBM12,0,0.247486339,0.000656985,0.05523831
NDN_2,ABLIM2,0,0.143243069,0.053718969,0.02402203
NDN_2,PRDM14,0,0.158490566,0.008897614,0.03872858
NDN_2,RBM39,0,0.203893265,0.013843981,0.0113153
NDN_2,MVK,0,0.103030303,0.001889768,1.85E-06
NDN_2,PRKAR2B,0,0.463030303,0.003640073,0.055827327
NDN_2,MYOZ2,0,0.28,4.94E-05,0.045592759
NDN_2,PRTFDC1,0,0.1592,0.02788201,0.056528818
NDN_2,ACY3,0,0.103849975,5.22E-05,1.87E-06
NDN_2,MTUS2,0,0.604,0.035806049,0.139612615
NDN_2,MPP1,0,0.336151345,0.021549074,0.077083603
NDN_2,MKRN3,0,0.221032438,0.035325397,0.016913597
NDN_2,MYD88,0,0.16,0.000220234,0.10607218
NDN_2,ACTN1,0,0.142482454,0.264771253,0.021611013
NDN_2,P4HA3,0,0.04969697,0.101961806,2.32E-05
NDN_2,ABI2,0,0.661970563,0.003045405,0.481344819
NDN_3,P4HA3,1,0.503030303,0.998064697,0.999892116
NDN_3,NEFL,0,0.217763975,0.0057263,0.224258259
NDN_4,P4HA3,1,0.683030303,0.999243021,0.999933362
NDRG4_1,RTN3,1,0.820212766,0.624139249,0.997329712
NDRG4_1,AGTRAP,1,0.725927052,0.326809525,0.999999881
NDRG4_1,REEP6,1,0.754409938,0.888027132,1
NDRG4_1,CMTM5,1,0.818230826,0.999763072,1
NDRG4_1,CDC42EP2,0,0.106175464,4.87E-05,3.85E-07
NDRG4_1,CDX4,0,0.279669421,0.003673523,0.005594491
NDRG4_1,PNMA2,0,0.239669421,0.000386416,0.192757607
NEFL_1,MTUS2,1,0.72,0.873422086,0.099770166
NEFL_1,CEP57L1,1,0.875790795,0.9973194,0.17665495
NEFL_1,USHBP1,1,0.879669421,0.900296867,0.078984439
NEFL_1,GFAP,1,0.715460217,0.518202066,0.226261616
NEFL_1,TEX11,1,0.333333333,0.948177397,0.953627288
NEFL_1,C10orf96,0,0.100372671,0.035666019,0.087542698
NEFL_1,CCDC33,0,0.281818182,0.343788981,0.041441392
NEFL_1,SKIL,0,0.282902813,0.066694736,0.102718428
NEFL_1,GORASP1,0,0.1825,0.062583409,0.234785497
NEFL_1,KLC3,0,0.100819672,0.268839091,0.184440091
NEFL_1,DES,0,0.255460217,0.200867832,0.075329624
NEFL_2,GORASP1,1,0.606478495,0.823518515,0.945495725
NEFL_2,SKIL,1,0.726393379,0.725929379,0.432341188
NEFL_2,KLC3,1,0.283333333,0.600359976,0.744873166
NEFL_2,GFAP,1,0.815460217,0.97455436,0.760632694
NEFL_2,KRT13,1,0.953950783,0.996177673,0.326351523
NEFL_2,DES,1,0.79799355,0.968341053,0.48669675
NEFL_2,KRT18,1,0.833562908,0.980988026,0.465189755
NEFL_2,KIFC3,1,0.798159988,0.881876826,0.955924034
NEFL_2,CCDC33,1,0.638490566,0.633918285,0.698582172
NEFL_2,C10orf96,1,0.763706004,0.861674488,0.807794154
NEFL_2,CEP57L1,1,0.854990795,0.982215643,0.200743333
NEFL_2,KRT15,1,0.995061894,0.997995377,0.240356356
NEFL_2,USHBP1,0,0.778159988,0.071311824,0.038358815
NEFL_2,CCDC136,0,0.2,0.005009269,0.013323141
NEFL_2,CDC42EP2,0,0.146047975,0.002387971,0.000468301
NEFL_2,CCDC114,0,0.188939394,0.079621598,0.004592612
NEFL_2,AMOTL2,0,0.237202755,0.031520758,0.046089049
NEFL_2,AHCYL1,0,0.178608696,0.130472094,2.00E-05
NEFL_2,AIMP2,0,0.103333333,0.012453166,0.017308252
NEFL_2,ALS2CR12,0,0.163333333,0.013017059,0.0815432
NEFL_2,TEX11,0,0.141666667,0.638247013,0.096999623
NEFL_2,MTUS2,0,0.38,0.207271114,0.007858673
NME5_3,ZYX,1,0.7775,0.961601079,0.964807332
NME5_3,CEP76,1,0.503590235,0.502046525,0.94093895
NME5_3,CADPS,0,0.551218337,0.005031812,0.077332243
NME5_3,CEP57L1,0,0.3184008,0.040619638,0.185001537
OPTN_1,CCDC53,1,0.359090909,0.994873703,0.761175394
OPTN_1,OPTN,1,0.758632479,0.764125109,0.567980349
OPTN_1,ZNF397,0,0.107763975,0.001805153,0.000207497
OPTN_1,ZNF434,0,0.411396454,0.002990479,0.000747503
PAK1IP1_1,MEOX2,1,0.816792466,0.650845468,0.978767693
PAK1IP1_1,REL,0,0.1992,0.136945561,0.127104983
PAK1IP1_4,PRKAR2B,1,0.78,0.997449696,0.956183136
PAK1IP1_4,REL,1,0.86,0.80347079,0.998629808
PAK1IP1_4,MEOX2,1,0.937297919,0.998914242,0.99992466
PAK1IP1_4,JUP,0,0.44,6.78E-05,0.000316171
PAK1IP1_4,KCNA3,0,0.221533958,0.000268674,1.14E-05
PAK1IP1_4,HSPA8,0,0.120819672,0.000456943,0.03748088
PDE9A_1,TRIM32,1,0.86,0.503605843,0.993604124
PDE9A_1,PDE9A,1,0.676,0.98403579,0.985745013
PDE9A_1,ASL,0,0.46,0.005997617,2.06E-06
PDE9A_1,ASAP3,0,0.6175,0.000756032,0.076004542
PDE9A_2,TRIM32,1,0.82,0.695530713,0.985226095
PDE9A_2,MID2,0,0.2125,8.80E-05,0.079588093
PDE9A_2,MEOX2,0,0.258632479,0.000702261,0.058136806
PDE9A_3,PDE9A,1,0.774490566,0.987254441,0.870363533
PDE9A_3,TRIM32,1,0.878490566,0.317564607,0.988451004
PDE9A_3,CDC23,0,0.191111111,4.31E-05,1.64E-05
PDE9A_3,CCNDBP1,0,0.22,9.64E-08,3.93E-05
PHF21B_2,RCOR3,1,0.36,0.90955025,0.927604616
PHF21B_2,BANP,1,0.539257525,0.996514261,0.879763186
PHF21B_2,SGTB,0,0.082486339,3.71E-07,0.025657667
PHF21B_3,RCOR3,1,0.280034377,0.940440416,0.937416375
PHF21B_3,ETV6,0,0.118784684,0.010018947,0.061681349
PHF21B_3,EMILIN1,0,0.040714286,3.05E-05,0.429815352
PLP1_1,PTPRN,1,0.705192193,0.777100146,0.987039506
PLP1_1,BCL2L13,1,0.517902331,0.998335183,1
PLP1_1,RCOR3,0,0.243030303,0.005941393,0.003131267
PLP1_1,RBPMS,0,0.283030303,0.000177651,5.64E-07
PLP1_2,BCL2L13,1,0.797902331,0.847259879,0.999981046
PLP1_2,PTPRN,0,0.276559715,0.045172919,0.024348132
PRMT2_1,CBLB,1,0.81440788,0.613464177,0.988132775
PRMT2_1,RBM12,1,0.776911765,0.666184902,0.991768241
PRMT2_1,OGT,0,0.163030303,7.04E-05,0.019920789
PRMT2_3,WASL,1,0.8525,0.997017741,0.992878139
PRMT2_3,RBM12,1,0.660525554,0.999807775,0.935892105
PRMT2_3,ARL6IP1,0,0.581406714,0.005792992,0.059538662
PRMT2_3,CBLB,0,0.431914443,0.007629178,0.126848772
RBM5_1,MEOX1,0,0.2825,0.03776332,0.076847322
RBM5_2,MEOX1,1,0.856054884,0.890844822,0.970591307
RBM5_2,MEOX2,1,0.931273083,0.99994719,0.9997316
RBM5_2,MKRN2,0,0.140645161,0.006287336,1.12E-05
RBM5_2,MIF4GD,0,0.220819672,0.013719699,0.016429465
RIN1_1,LZTS2,1,0.574361729,0.971974432,0.920600772
RIN1_1,KRTAP13-1,0,0.24,0.003483489,0.012954921
RIN1_3,KRTAP13-1,1,0.94,0.999998808,0.879371166
RIN1_3,LZTS2,0,0.180383707,0.016929643,0.019071054
RNF6_2,AHCYL1,1,0.686,0.998954058,0.925148368
RNF6_2,PNMA2,1,0.937433397,0.993122995,0.972278714
RNF6_2,IKZF3,1,0.738953746,0.97910428,0.814680994
RNF6_2,SPERT,1,0.717428892,0.99622786,0.662143469
RNF6_2,IKZF1,1,0.542428493,0.975984156,0.95487237
RNF6_2,RINT1,1,0.901997623,0.999780238,0.99998486
RNF6_2,HOOK2,1,0.781487603,0.999658585,0.713181317
RNF6_2,KIAA0753,1,0.856253095,0.999038935,0.641042113
RNF6_2,TRIM37,1,0.856671109,0.998167038,0.439869285
RNF6_2,TCF4,1,0.898976982,0.999597132,0.857204258
RNF6_2,KRT15,1,0.775335727,0.999730289,0.870029807
RNF6_2,TFIP11,1,0.481997623,0.999893069,0.98518616
RNF6_2,MTUS2,1,0.79866929,0.988182008,0.74894774
RNF6_2,TRIM23,1,0.599669421,0.999970675,0.988474071
RNF6_2,CCDC57,1,0.793537552,0.999977112,0.793292522
RNF6_2,MAGED1,1,0.761218337,0.995479226,0.823662341
RNF6_2,MIPOL1,1,0.339669421,0.999613225,0.889229059
RNF6_2,MDFI,1,0.958044243,0.99986279,0.998640597
RNF6_2,TENC1,1,0.818421155,0.942480087,0.429432213
RNF6_2,LDOC1,1,0.620819672,0.99761188,0.923066139
RNF6_2,REL,1,0.879247863,0.9526968,0.985827923
RNF6_2,CCDC33,1,0.740308748,0.986054003,0.941814899
RNF6_2,RPGRIP1,1,0.660794278,0.9634673,0.90172714
RNF6_2,MEOX2,1,0.916204231,0.995106339,0.962848961
RNF6_2,GKAP1,0,0.137909736,0.013927458,0.177794755
RNF6_2,NR1D1,0,0.502509603,0.030391499,0.203389227
RNF6_2,GATA3,0,0.140294118,0.000669017,0.044880752
RNF6_2,NRF1,0,0.262585859,5.30E-06,0.108840846
RNF6_2,PRDM14,0,0.059720513,0.002577093,0.031860363
RNF6_2,CCND2,0,0.14,4.31E-06,0.016298648
RNF6_2,NPM2,0,0.140212766,2.92E-05,0.375652671
RNF6_2,NBR1,0,0.501074546,0.025333365,0.400425822
RNF6_2,NUP62,0,0.582722611,1.96E-06,0.169908389
RNF6_2,HSFY1,0,0.262585859,0.013445359,0.125362366
RNF6_2,HMBOX1,0,0.159555556,0.047302514,0.018558012
RNF6_2,CCDC36,0,0.220506884,0.010047781,0.169177294
RNF6_2,CCDC136,0,0.199624531,0.050875608,0.595698833
RNF6_2,CAMK2D,0,0.140819672,0.003285324,0.016750224
RNF6_2,POGZ,0,0.309226751,0.000238788,0.109741226
RNF6_2,NFIA,0,0.187474747,2.00E-05,0.0256982
RNF6_2,HGS,0,0.301804607,0.002056056,0.324368358
RNF6_2,NEFL,0,0.356065875,0.004094386,0.717993617
RNF6_2,HOMEZ,0,0.12151049,0.002920693,0.080899246
RNF6_2,NR1H4,0,0.197057927,0.000353417,0.055050429
RNF6_2,NFIX,0,0.120819672,3.51E-05,0.110893734
RNF6_2,GMCL1,0,0.163030303,0.023374259,0.555461168
RNF6_2,NOTCH2NL,0,0.09,0.000820901,0.007180545
RNF6_2,NR1H3,0,0.530581271,0.010498866,0.010193036
RXRB_1,RARB,1,0.6925,0.455007076,0.940850496
RXRB_1,NR1H3,1,0.816209698,0.876464367,0.971386909
RXRB_1,NR1H4,1,0.83717574,0.809558809,0.997157693
RXRB_1,PSTPIP1,0,0.372094041,0.268107742,0.383571118
RXRB_1,PLSCR1,0,0.420819672,0.026770746,0.016514789
RXRB_1,TADA3,0,0.28,0.000340772,0.005558677
RXRB_2,EXOSC8,1,0.797763975,0.994442642,0.867240548
RXRB_2,TP53BP2,1,0.886798785,0.795561492,0.976796806
RXRB_2,RARB,1,0.771590909,0.450175703,0.97206533
RXRB_2,KRT40,1,0.933436716,0.887349784,0.848205745
RXRB_2,UBL7,1,0.761818182,0.903244793,0.716576159
RXRB_2,TFCP2,1,0.971590909,0.775134325,0.984075606
RXRB_2,NR1H3,1,0.856209698,0.86951071,0.97897011
RXRB_2,PSTPIP1,1,0.743205152,0.282664329,0.740553558
RXRB_2,DOCK8,0,0.192872671,0.02525264,0.206959039
RXRB_2,EFCAB4A,0,0.122532468,0.008121411,0.000237979
RXRB_2,CASP2,0,0.16,0.012442099,0.008092873
RXRB_2,CAMK2B,0,0.363428368,0.016108721,0.423092395
RXRB_2,CXorf41,0,0.278608696,0.007268233,0.03435358
RXRB_2,CARD9,0,0.080714286,0.009797967,0.001717712
RXRB_2,DTNBP1,0,0.260224888,0.034458768,0.171037197
RXRB_2,CAMK2D,0,0.143428368,0.002478081,0.045371901
RXRB_2,DYDC1,0,0.480372671,0.007563947,0.004985315
RXRB_2,CCDC136,0,0.10012605,0.002563131,0.00034604
RXRB_3,KRT40,1,0.874804237,0.965786278,0.963858843
RXRB_3,RARB,0,0.2925,0.358945608,0.556161344
RXRB_4,KRT40,1,0.892359792,0.999974132,0.999975324
RXRB_4,TP53BP2,1,0.847055195,0.956077218,0.966727972
RXRB_4,TADA3,0,0.42,0.000407356,0.13055329
RXRB_4,NR1H4,0,0.515842407,0.010043361,0.029751249
RXRB_4,NR1H3,0,0.176209698,0.026301669,0.012079467
S100B_1,S100A1,1,0.760645161,0.999915719,0.999994516
S100B_1,S100A2,1,0.786666667,0.999910951,0.999968529
S100B_1,S100B,1,0.786666667,0.999977708,0.999848962
S100B_1,RABAC1,0,0.140645161,0.000217065,1.37E-08
S100B_1,MAL2,0,0.363529412,5.35E-05,3.57E-10
S100B_1,AGTRAP,0,0.245927052,5.21E-06,5.46E-09
S100B_2,RABAC1,1,0.303030303,0.999082208,1
S100B_2,TMEM159,1,0.780206043,0.999974608,0.999999881
S100B_2,MAL2,1,0.8,0.999994636,1
S100B_2,BLZF1,0,0.453467465,2.72E-06,0.015299672
S100B_2,S100A1,0,0.124,2.83E-06,9.13E-07
S100B_2,S100A2,0,0.523030303,3.94E-05,5.87E-06
SDC3_1,KRTAP5-9,1,0.859137931,1,1
SDC3_1,KRTAP2-4,1,0.800956113,0.999937177,0.998650014
SDC3_1,KRTAP4-2,1,0.878549696,1,0.999999523
SDC3_1,DYDC1,0,0.262699725,0.0017053,0.143815905
SDC3_1,DTNBP1,0,0.183176637,0.002403955,0.005419322
SDC3_1,DPPA4,0,0.141944232,0.000988004,0.0065273
SHMT2_1,ARL6IP1,1,0.427377067,0.999980569,1
SHMT2_1,ACY3,0,0.023849975,0.0406042,0.106624275
SHMT2_1,ADAMTSL4,0,0.09122812,0.001995447,0.002112511
SHMT2_1,NR1D1,0,0.163849975,0.005786596,0.03832984
SLC25A10_1,MDFI,1,0.88,0.99970156,0.9996351
SLC25A10_1,KRTAP5-9,1,0.6,1,1
SLC25A10_1,WASL,0,0.24,0.006246736,9.88E-05
SLC25A10_1,WAC,0,0.423888889,8.53E-05,0.029310314
SMUG1_2,CDC23,1,0.782770563,0.905790567,0.894551814
SMUG1_2,CRX,1,0.7,0.838826418,0.923914313
SMUG1_2,VAC14,0,0.124714286,0.188654214,0.033511471
SMUG1_2,USP53,0,0.141032438,0.003536612,0.000985279
SMUG1_2,VIPAR,0,0.202770563,0.001467155,0.010043859
STRBP_1,ZMAT4,1,0.942585859,0.948346674,0.992501616
STRBP_1,RBPMS,1,0.901157287,0.999954104,0.998633206
STRBP_1,TMEM159,0,0.226559715,1.78E-08,5.17E-14
STRBP_1,TMCC2,0,0.299555556,0.027838344,0.107429087
STRBP_2,A2BP1,1,0.75,0.970491588,0.956244409
STRBP_2,ZMAT4,1,0.904555556,0.954827011,0.97581327
STRBP_2,RBPMS,1,0.903126984,0.999965429,0.993244946
STRBP_2,HMG20A,0,0.559555556,0.017307742,0.002734117
STRBP_2,HGS,0,0.471818182,0.02348507,0.014176285
STRBP_2,HMBOX1,0,0.178646465,0.026379803,0.103385076
SUCLA2_1,ARL6IP1,1,0.409745204,0.999940515,1
SUCLA2_1,AGTRAP,1,0.825714286,0.820634186,1
SUCLA2_1,VPS52,0,0.129037267,9.00E-05,0.003938678
SUCLA2_1,VIPAR,0,0.16,0.000261168,0.000815763
TEAD4_1,KRT40,1,0.834615571,0.858175695,0.999180257
TEAD4_1,C10orf96,1,0.687965995,0.969274998,0.998734653
TEAD4_1,TRAF1,1,0.818933403,0.861680627,0.999763668
TEAD4_1,MTUS2,1,0.759734558,0.783118963,0.798025131
TEAD4_1,VPS52,1,0.460569986,0.963742673,0.989880979
TEAD4_1,RUNDC3A,1,0.772049696,0.401663929,0.966498315
TEAD4_1,PNMA1,1,0.919669421,0.924239039,0.996949613
TEAD4_1,SPRY2,0,0.177070357,0.001090721,0.000315856
TEAD4_1,STAC3,0,0.2,0.02002828,0.034132812
TEAD4_1,STUB1,0,0.043849975,0.07688044,0.245666936
TEAD4_1,STX11,0,0.143030303,0.300671011,0.162662089
TEAD4_1,KRTAP10-3,0,0.319137931,0.002850235,0.011592493
TEAD4_1,TFG,0,0.143030303,0.000230349,0.004459018
TEAD4_1,MDFI,0,0.298044243,0.000828844,0.298885673
TEAD4_2,RUNDC3A,1,0.678549696,0.314309448,0.930542409
TEAD4_2,KRT40,1,0.894615571,0.99487865,0.998061001
TEAD4_2,MDFI,1,0.718044243,0.996888936,0.999999285
TEAD4_2,PNMA1,1,0.799669421,0.928541362,0.973891079
TEAD4_2,CEP70,1,0.85370648,0.998390079,0.999643803
TEAD4_2,KRTAP10-3,1,0.819137931,0.999485016,1
TEAD4_2,VPS52,0,0.189458874,0.020947009,0.001120892
TEAD4_2,AGTRAP,0,0.145927052,6.80E-06,2.95E-08
TEAD4_2,AHCYL1,0,0.17,0.000578213,0.000634597
TEAD4_2,TRAF1,0,0.238933403,0.066105939,0.01004818
TEAD4_2,ACY3,0,0.083030303,3.14E-07,4.83E-05
TEAD4_3,MDFI,1,0.638372738,0.976308107,0.962361276
TEAD4_3,CEP70,1,0.832785281,0.96587944,0.869806349
TEAD4_3,KRTAP10-3,1,0.799137931,0.996663153,0.991676569
TEAD4_3,C10orf96,0,0.116854884,0.003223283,0.016018139
TEAD4_3,PNMA1,0,0.299669421,0.032306559,0.032710727
TEAD4_3,MTUS2,0,0.079090909,0.125978246,0.01665565
TSTD2_1,L3MBTL3,1,0.726926478,0.445539594,0.94081229
TSTD2_1,GORASP1,0,0.143859447,0.041662835,0.009401628
TSTD2_1,GPRASP2,0,0.122345161,0.034986746,0.003891115
UPP2_1,MEOX2,1,0.778159988,0.264905512,0.876913488
UPP2_1,UPP2,1,0.84,0.980342448,0.999895453
UPP2_1,ZNF496,0,0.102857602,0.00019719,0.006790767
UPP2_1,ZNF483,0,0.182666667,0.000101514,0.001775624
UPP2_2,MEOX2,0,0.339669421,0.102961957,0.583992243
VPS28_1,TCF12,1,0.72,0.98971647,0.947528899
VPS28_1,VPS37B,1,0.796111111,0.905720651,0.986882746
VPS28_1,VPS52,1,0.393903319,0.995943248,0.99264878
VPS28_1,FAM154A,1,0.912888889,0.948918343,0.959637165
VPS28_1,BLZF1,1,0.447957355,0.963898063,0.98979491
VPS28_1,SKIL,1,0.549187536,0.987898886,0.993718624
VPS28_1,TSG101,1,0.761676768,0.931876421,0.931276619
VPS28_1,GKAP1,0,0.257290688,0.001899176,0.043530077
VPS28_1,KHDRBS2,0,0.273435912,0.03509267,0.021037308
VPS28_1,GMCL1,0,0.283030303,0.08773087,0.000110397
VPS28_1,GLRX3,0,0.088695652,0.002271295,2.00E-08
VPS28_1,GMPPA,0,0.653718754,0.185184136,3.06E-06
VPS28_1,KRTAP2-4,0,0.301373737,0.002148746,0.005200235
ZBTB32_1,RHOXF2,1,0.775534385,0.999918938,0.588457584
ZBTB32_1,RBPMS,1,0.839137931,0.999953628,0.929556727
ZBTB32_1,CAMK2B,1,0.705898385,0.996855974,0.993321359
ZBTB32_1,TACC1,0,0.238478261,0.043666493,0.413115919
ZBTB32_1,STX11,0,0.162608696,0.233193859,0.001881208
ZCWPW1_1,L3MBTL3,1,0.787186218,0.566324353,0.979908168
ZCWPW1_1,MEOX2,1,0.830930397,0.923630178,0.981787324
ZCWPW1_1,VAC14,0,0.198214286,0.077964626,0.347845137
ZCWPW1_1,ABI2,0,0.243030303,0.032150257,0.034770045
ZCWPW1_4,MEOX2,1,0.915930397,0.904251397,0.87377131
ZCWPW1_4,L3MBTL3,0,0.40800589,0.195829168,0.367376983
ZCWPW1_6,VAC14,1,0.695390026,0.959092736,0.999225855
ZCWPW1_6,MEOX2,1,0.915342162,0.993127704,0.913977921
ZCWPW1_6,UBL7,0,0.364848485,0.003740222,0.040297251
ZGPAT_1,NEBL,1,0.846666667,0.748442054,0.998444021
ZGPAT_1,AMOTL2,1,0.877111489,0.907560885,0.904027164
ZGPAT_1,KIFC3,1,0.812571752,0.994075775,0.982946396
ZGPAT_1,KRT15,1,0.913907156,0.970643878,0.827135682
ZGPAT_1,BLZF1,1,0.733553179,0.801059127,0.937563777
ZGPAT_1,LZTS2,1,0.874361729,0.993025422,0.947093189
ZGPAT_1,CEP70,1,0.993907156,0.999172509,0.999157667
ZGPAT_1,MIPOL1,1,0.739669421,0.989322066,0.835505247
ZGPAT_1,CDR2,1,0.935747168,0.994973302,0.964823544
ZGPAT_1,KRT40,1,0.764224616,0.91820538,0.964425981
ZGPAT_1,IKZF3,1,0.918194981,0.922467411,0.929637611
ZGPAT_1,MID2,1,0.914118944,0.995467782,0.8295995
ZGPAT_1,NOTCH2NL,0,0.1,0.001218065,0.000551981
ZGPAT_1,BEND5,0,0.296854884,0.562864125,0.422705531
ZGPAT_1,BEND7,0,0.207588921,0.00193688,0.042928893
ZGPAT_1,P4HA3,0,0.14969697,0.000641285,3.04E-10
ZGPAT_1,SIAH1,0,0.106666667,5.99E-06,1.51E-05
ZGPAT_1,BMF,0,0.499411765,0.002607325,0.02243335
ZGPAT_1,C10orf18,0,0.508490566,0.00804984,0.038183756
ZGPAT_1,SORBS3,0,0.220794278,0.008320491,0.001561305
ZGPAT_1,OPTN,0,0.139692308,0.024746688,0.020313935
ZGPAT_1,BHLHE40,0,0.739411765,0.097853966,0.250422835
ZGPAT_2,AMOTL2,1,0.862111489,0.902250171,0.744586468
ZGPAT_2,IKZF3,1,0.873579597,0.91972971,0.924698532
ZGPAT_2,BEND5,1,0.556854884,0.586160302,0.463451236
ZGPAT_2,LZTS2,1,0.839361729,0.991903484,0.859830439
ZGPAT_2,CDR2,1,0.955747168,0.994666934,0.933011949
ZGPAT_2,AES,1,0.88,0.926619768,0.994320035
ZGPAT_2,KIFC3,1,0.857571752,0.993980408,0.932367146
ZGPAT_2,MID2,1,0.855785611,0.995188475,0.701190948
ZGPAT_2,TP53BP2,1,0.717541854,0.85567081,0.430505753
ZGPAT_2,ZBTB8A,1,0.459062828,0.928969741,0.729520917
ZGPAT_2,CEP70,1,0.992539635,0.999140739,0.997475803
ZGPAT_2,VIPAR,0,0.083030303,0.030153882,0.000375458
ZGPAT_2,ZFYVE19,0,0.139361729,0.023036025,0.119552597
ZGPAT_2,TTC12,0,0.191317154,0.041180272,0.000146427
ZGPAT_2,VAC14,0,0.143534714,0.634988189,0.000711307
ZGPAT_2,ZC4H2,0,0.123030303,0.089433588,0.013356801
ZGPAT_2,UPP2,0,0.341666667,0.000414605,1.06E-09
ZGPAT_2,VPS52,0,0.440500389,0.40100655,0.011452519
ZGPAT_2,UBL7,0,0.103030303,5.15E-05,7.65E-05
ZGPAT_2,ZFY,0,0.671118904,0.007607357,0.042600766
ZGPAT_2,U2AF1,0,0.096417053,0.47181052,0.013636554
ZGPAT_2,WASL,0,0.603030303,0.033799749,0.001737075
ZGPAT_2,VPS37B,0,0.197446515,0.05781221,0.081730075
ZGPAT_2,UCK1,0,0.08,0.000781139,2.74E-07
ZGPAT_2,USP53,0,0.381032438,0.001199243,0.001289553
ZGPAT_2,KRT40,0,0.362857095,0.918416023,0.909591913
ZKSCAN4_1,ZNF167,1,0.858201051,0.967822015,0.979511619
ZKSCAN4_1,ZNF434,1,0.87547764,0.983052015,0.998409569
ZKSCAN4_1,ZNF397,1,0.891639157,0.949375749,0.996629536
ZKSCAN4_1,PGBD1,1,0.835335727,0.995960772,0.509870708
ZKSCAN4_1,ZNF446,1,0.449251578,0.97802949,0.603150129
ZKSCAN4_1,ZKSCAN4,1,0.893968206,0.995980382,0.948900402
ZKSCAN4_1,ZNF496,1,0.79866582,0.96634835,0.771683872
ZKSCAN4_1,ZSCAN22,1,0.908821331,0.957235932,0.817131162
ZKSCAN4_1,GSS,0,0.064144093,3.01E-08,1.89E-07
ZKSCAN4_1,MDM4,0,0.260170369,0.010833824,0.037805516
ZKSCAN4_1,HGS,0,0.202112299,0.245357841,0.008240968
ZKSCAN4_1,GOPC,0,0.421927235,0.00031564,0.004349901
ZKSCAN4_1,ZNF483,0,0.258051282,0.024816496,0.537693977
ZKSCAN4_1,GPRASP2,0,0.193319672,0.00285004,0.023537194
ZKSCAN4_1,ZSCAN20,0,0.221844243,0.056288756,0.198804095
ZKSCAN4_3,ZNF167,1,0.895534385,0.999614477,0.998320639
ZKSCAN4_3,MDM4,1,0.739137931,0.975824177,0.874559522
ZKSCAN4_3,ZNF397,1,0.906254541,0.998880565,0.998095214
ZKSCAN4_3,ZNF496,1,0.775682184,0.999561965,0.981300056
ZKSCAN4_3,ZSCAN22,1,0.973436716,0.999343097,0.998004615
ZKSCAN4_3,ZSCAN20,1,0.586459627,0.982009172,0.991710484
ZKSCAN4_3,EXOSC8,0,0.560794278,0.000992643,0.135702103
ZKSCAN4_3,GSS,0,0.143324421,4.68E-06,0.022427944
ZKSCAN4_3,EMILIN1,0,0.170714286,0.000268932,0.05734415
ZKSCAN4_3,EFHC2,0,0.188107417,0.042204361,0.088408329
ZKSCAN4_3,EFCAB4A,0,0.082532468,0.00525639,0.001484536
ZNF688_2,CADPS,1,0.84181352,0.91785419,0.996503353
ZNF688_2,TRAF2,1,0.878358974,0.859086454,0.96558696
ZNF688_2,CRX,1,0.459077334,0.81513834,0.949833453
ZNF688_2,TRIM23,1,0.88,0.983124971,0.961218178
ZNF688_2,GMPPA,1,0.58,0.985662043,0.999064624
ZNF688_2,REL,1,0.937449883,0.968232989,0.944842875
ZNF688_2,TCF4,1,0.958502674,0.999976993,0.876582861
ZNF688_2,USHBP1,1,0.898783217,0.980320096,0.832289457
ZNF688_2,TCF12,1,0.998502674,0.999952197,0.935742974
ZNF688_2,KRT31,1,0.857770739,0.999001801,0.999029636
ZNF688_2,FHL5,1,0.858666667,0.932628989,0.958358645
ZNF688_2,TMCC2,0,0.559411765,0.218368813,0.28605479
ZNF688_2,RPGRIP1,0,0.083030303,0.036120299,0.198019996
ZNF688_2,TRAF4,0,0.779692308,0.120111816,0.361499131
ZNF688_2,TENC1,0,0.647799725,0.18611066,0.17761682
ZNF688_2,PCBD1,0,0.14,0.008286357,0.082024731
ZNF688_2,SPAG5,0,0.308666667,0.385880768,0.350155324
ZNF688_2,SPERT,0,0.539090909,0.130095422,0.325080186
ZNF688_2,PNMA2,0,0.42,0.034603845,0.038037561
ZNF688_2,RFX6,0,0.307474747,0.112986155,0.039413884
ZNF688_2,PSMA3,0,0.503030303,0.08798112,0.012715019
ZNF688_2,PNMA1,0,0.225,0.023100387,0.041457903
ZNF688_2,WWP2,0,0.202722611,0.126834899,0.1157775
ZNF688_4,PSMA3,1,0.302608696,0.983518481,0.933165967
ZNF688_4,PNMA1,1,0.884669421,0.997941196,0.881022274
ZNF688_4,KRTAP10-9,1,0.997804598,1,1
ZNF688_4,KIFC3,1,0.740383707,0.999953985,0.980217218
ZNF688_4,MDFI,1,0.938888889,0.999999762,0.998786867
ZNF688_4,CCDC57,1,0.836906253,0.99697125,0.693652689
ZNF688_4,ABI2,1,0.809166667,0.941083252,0.505769491
ZNF688_4,KRTAP10-3,1,0.999137931,0.999999881,0.999999881
ZNF688_4,KRT15,1,0.936571328,0.999984503,0.943485856
ZNF688_4,KRT31,1,0.976362908,0.997676671,0.999154687
ZNF688_4,RPGRIP1,1,0.702616192,0.977424026,0.530735314
ZNF688_4,BLZF1,1,0.616329865,0.970968306,0.937447786
ZNF688_4,RFX6,1,0.877342995,0.957577109,0.499687523
ZNF688_4,MIPOL1,1,0.336336088,0.995925188,0.970109642
ZNF688_4,PCBD1,1,0.676652864,0.995645285,0.896911621
ZNF688_4,TRAF4,1,0.94,0.972452283,0.982326567
ZNF688_4,CALCOCO2,1,0.896467124,0.999536872,0.998438656
ZNF688_4,PNMA2,1,0.922433397,0.999018431,0.787101209
ZNF688_4,FHL5,1,0.76174359,0.994226933,0.83187151
ZNF688_4,TRAF1,1,0.772021638,0.998807669,0.857079685
ZNF688_4,WWP2,1,0.260372671,0.991604149,0.86588347
ZNF688_4,ZC4H2,1,0.283617099,0.9948259,0.946600318
ZNF688_4,PLSCR1,1,0.580819672,0.998046637,0.434048712
ZNF688_4,TMCC2,1,0.840145398,0.984534621,0.638580084
ZNF688_4,MID2,1,0.856600063,0.997444749,0.897690594
ZNF688_4,NOTCH2NL,1,0.113076923,0.99946171,0.896852553
ZNF688_4,TCF4,1,0.799565217,0.999940157,0.762011647
ZNF688_4,KRT13,1,0.974126883,0.999974847,0.950490713
ZNF688_4,CEP72,1,0.839669421,0.999790728,0.756714463
ZNF688_4,KRT40,1,0.934126883,0.999955297,0.9960168
ZNF688_4,MKRN3,1,0.589032438,0.880610704,0.910010815
ZNF688_4,EHMT2,1,0.879669421,0.998007715,0.311862767
ZNF688_4,REL,1,0.851166667,0.97989893,0.966506422
ZNF688_4,SPAG5,1,0.888705903,0.999947906,0.806559563
ZNF688_4,MAGED1,1,0.609772727,0.999976397,0.655088127
ZNF688_4,GPRASP2,1,0.725819672,0.994941771,0.707958281
ZNF688_4,MEOX2,1,0.977696241,0.999797761,0.998577237
ZNF688_4,HMBOX1,1,0.540576923,0.973197818,0.978238106
ZNF688_4,USHBP1,1,0.934669421,0.999709904,0.844566584
ZNF688_4,CADPS,1,0.909772727,0.998891771,0.81755656
ZNF688_4,KHDRBS2,1,0.740294118,0.988205552,0.99927634
ZNF688_4,TENC1,1,0.848822286,0.7858181,0.300616831
ZNF688_4,PSTPIP1,1,0.389152864,0.97841692,0.821938634
ZNF688_4,RINT1,1,0.855108696,0.992816329,0.806842983
ZNF688_4,CEP70,1,0.882510722,0.999967337,0.999763072
ZNF688_4,CCDC36,1,0.301221169,0.992848277,0.647822499
ZNF688_4,SPERT,1,0.776823233,0.994778275,0.861402571
ZNF688_4,TRIM23,1,0.919669421,0.999933004,0.993587136
ZNF688_4,BEND5,1,0.380840898,0.996817589,0.945659637
ZNF688_4,LDOC1,1,0.780819672,0.999735057,0.993956149
ZNF688_4,AMOTL2,0,0.246217041,0.34336412,0.034312531
ZNF688_4,PPP3R1,0,0.126505291,8.25E-08,5.74E-05
ZNF688_4,VPS37B,0,0.277763975,0.010527998,0.069862895
ZNF688_4,ARL6IP1,0,0.214603645,2.67E-06,5.18E-09
ZNF688_4,PRTFDC1,0,0.135108696,0.001873819,0.002964969
ZNF688_4,SIAH1,0,0.060212766,0.006157026,0.076382063
ZNF688_4,PTPRN,0,0.267272727,0.020399919,0.022221211
ZNF688_4,ALS2CR12,0,0.200212766,0.037788194,0.946611524
ZNF688_4,TP53,0,0.2,0.03441916,0.032227196
ZNF688_4,RTN3,0,0.18176795,0.000113396,0.138578728
ZNF688_4,VIPAR,0,0.12,0.081474237,0.144642934
ZNF688_4,PSMC6,0,0.292352285,0.016176503,0.503706157
ZNF688_4,U2AF1,0,0.183641134,0.629479468,0.019977247
ZNF688_4,TRIM15,0,0.128,0.035865258,0.087347396
ZNF688_4,ACY3,0,0.040819672,9.43E-06,0.006868698
ZNF688_4,UPP2,0,0.185,0.000100514,0.001143527
ZNF688_4,SCYL1,0,0.248478261,0.063990161,0.273474336
ZNF688_4,GMPPA,0,0.557763975,0.463560313,0.07527028
ZNF688_4,SGTB,0,0.060819672,1.11E-05,0.001065033
ZNF688_4,ADAMTSL4,0,0.26346063,0.05443082,0.024542311
ZNF688_4,SDCCAG3,0,0.216799198,0.135160923,0.075513206
ZNF688_4,UBL7,0,0.2,0.023852587,0.015428853
ZNF688_4,TTC1,0,0.183826556,0.000554868,0.041910805
ZNF688_4,RASSF5,0,0.246127451,0.062622204,0.092317373
ZNF688_4,USP53,0,0.141032438,0.003229444,0.066213474
ZNF688_4,UCK1,0,0.082902813,0.007504175,0.09996406
ZNF688_4,CRX,0,0.220294118,0.258359969,0.39474529
ZNF688_4,RAB3IP,0,0.735263975,0.157156155,0.082510099
ZNF688_4,ACTN2,0,0.273201095,0.499935508,0.006833504
ZNF688_4,APBB1IP,0,0.1151326,0.394479543,0.046430651
ZNF688_4,SGTA,0,0.179957603,4.35E-06,0.012095445
ZNF688_4,S100B,0,0.194233512,3.21E-07,0.001266686
ZNF688_4,PLK4,0,0.198479736,0.075972565,0.155670777
ZNF688_4,AHCYL1,0,0.318608696,0.000657917,0.017246237
ZNF688_4,PTK2,0,0.221812065,0.32264474,0.211933076
ZNF688_4,VPS52,0,0.257989648,0.128749833,0.065884411
ZNF688_4,ABLIM2,0,0.062729106,0.023049269,0.00076444
ZNF688_4,REEP6,0,0.148,6.47E-05,2.52E-09
ZNF688_4,RABAC1,0,0.1,8.67E-07,1.46E-07
ZNF688_4,PPP1CB,0,0.003076923,0.028075686,0.025693502
ZNF688_4,SORBS3,0,0.417872671,0.014512109,0.091210678
ZNF688_4,TMEM79,0,0.141306685,0.141580269,3.60E-06
ZNF688_4,AIMP2,0,0.3,0.000128942,0.032426801
ZNF688_4,AGTRAP,0,0.200212766,1.12E-06,8.27E-07
ZNF688_4,S100A1,0,0.12,1.66E-06,0.00019555
ZNF688_4,VAC14,0,0.340253623,0.18016693,0.167218402
ZNF688_4,RUNDC3A,0,0.250246627,0.05272631,0.129009768
